n_points,outlier_count,outlier_ratio,raw_total_variation,fitted_total_variation,raw_max_adjacent_jump,fitted_max_adjacent_jump,raw_roughness,fitted_roughness,high_confidence_mae,peak_retention,overshoot,model,source_file,experiment_id,target,method,runtime_seconds
7302,2,0.0002738975623116954,420.0,466.4415584415582,40.0,16.173160173160163,3.1780821917808217,0.2043744282539272,,0.9999291508306752,False,advancedV1_multiscale_extratrees,VTEST_S00.csv,VTEST_S00,damage,hampel+savgol,32.21479769994039
7302,18,0.0024650780608052587,680.0,413.24098124098106,20.0,8.086580086580081,3.3424657534246576,0.10363201657633235,,0.9791005922239505,False,advancedV1_multiscale_extratrees,VTEST_S00.csv,VTEST_S00,stress,hampel+savgol,32.21479769994039
7302,13,0.0017803341550260202,1600.0,1331.9942279942265,60.0,24.259740259740244,17.753424657534246,0.6495811416549112,,0.9999294930971937,False,advancedV1_multiscale_extratrees,VTEST_S00_1.csv,VTEST_S00,damage,hampel+savgol,32.21479769994039
7302,7,0.000958641468090934,600.0,439.6190476190476,20.0,9.541125541125535,2.958904109589041,0.11945164005532843,,0.9863842922310653,False,advancedV1_multiscale_extratrees,VTEST_S00_1.csv,VTEST_S00,stress,hampel+savgol,32.21479769994039
7302,15,0.002054231717337716,2280.0,1415.8961038961043,80.0,38.16450216450214,43.534246575342465,1.6277628628550742,,0.9941549274138548,False,advancedV1_multiscale_extratrees,VTEST_S10.csv,VTEST_S10,damage,hampel+savgol,32.21479769994039
7302,8,0.0010955902492467817,340.0,258.2857142857146,20.0,9.541125541125531,1.6164383561643836,0.07015601581337201,,0.999561578993396,False,advancedV1_multiscale_extratrees,VTEST_S10.csv,VTEST_S10,stress,hampel+savgol,32.21479769994039
7302,25,0.003423719528896193,2560.0,2050.8860028860036,60.0,24.259740259740234,23.232876712328768,1.0840797347334954,,0.9973249408698754,False,advancedV1_multiscale_extratrees,VTEST_S10_1.csv,VTEST_S10,damage,hampel+savgol,32.21479769994039
7302,2,0.0002738975623116954,160.0,160.36363636363643,20.0,8.086580086580076,0.6027397260273972,0.03910012776762458,,0.9995909384576572,False,advancedV1_multiscale_extratrees,VTEST_S10_1.csv,VTEST_S10,stress,hampel+savgol,32.21479769994039
7307,4,0.0005474202819214452,520.0,497.4891774891776,40.0,16.173160173160156,4.161533196440794,0.24117973400887555,,0.9993755226029052,False,advancedV1_multiscale_extratrees,VTEST_S10_BH01.csv,VTEST_S10_BH01,damage,hampel+savgol,32.21479769994039
7307,4,0.0005474202819214452,100.0,44.84848484848494,20.0,5.189033189033184,0.7118412046543463,0.005765291253793145,,0.9999645752665623,False,advancedV1_multiscale_extratrees,VTEST_S10_BH01.csv,VTEST_S10_BH01,stress,hampel+savgol,32.21479769994039
7302,29,0.003971514653519584,3200.0,2299.6248196248184,60.0,24.259740259740244,39.36986301369863,1.443516529681503,,0.9969684899982285,False,advancedV1_multiscale_extratrees,VTEST_S20.csv,VTEST_S20,damage,hampel+savgol,32.21479769994039
7302,22,0.0030128731854286495,640.0,429.0909090909092,20.0,8.086580086580081,2.4657534246575343,0.07562573832632524,,0.9950064830499603,False,advancedV1_multiscale_extratrees,VTEST_S20.csv,VTEST_S20,stress,hampel+savgol,32.21479769994039
7302,33,0.0045193097781429745,4240.0,3418.643578643576,80.0,24.259740259740244,47.50684931506849,2.4089010058908604,,0.9911206661206647,False,advancedV1_multiscale_extratrees,VTEST_S20_1.csv,VTEST_S20,damage,hampel+savgol,32.21479769994039
7302,15,0.002054231717337716,920.0,796.5137085137087,20.0,8.086580086580081,3.671232876712329,0.1750758455010364,,0.9973348025431348,False,advancedV1_multiscale_extratrees,VTEST_S20_1.csv,VTEST_S20,stress,hampel+savgol,32.21479769994039
7302,23,0.0031498219665844975,1720.0,1164.9639249639245,80.0,32.346320346320326,21.26027397260274,0.6407334825196401,,0.9967214046898798,False,advancedV1_multiscale_extratrees,VTEST_S30.csv,VTEST_S30,damage,hampel+savgol,32.21479769994039
7302,10,0.001369487811558477,320.0,228.86580086580113,10.0,4.043290043290039,0.9657534246575342,0.037542168835532956,,0.9994894359614588,False,advancedV1_multiscale_extratrees,VTEST_S30.csv,VTEST_S30,stress,hampel+savgol,32.21479769994039
7302,51,0.006984387838948234,5760.0,3736.265512265513,80.0,32.346320346320326,88.82191780821918,2.627455801823347,,0.976102255825757,False,advancedV1_multiscale_extratrees,VTEST_S30_1.csv,VTEST_S30,damage,hampel+savgol,32.21479769994039
7302,25,0.003423719528896193,780.0,613.0966810966821,10.0,4.770562770562766,2.3835616438356166,0.09958055496154271,,0.9991954735323144,False,advancedV1_multiscale_extratrees,VTEST_S30_1.csv,VTEST_S30,stress,hampel+savgol,32.21479769994039
7302,25,0.003423719528896193,1720.0,1221.471861471861,60.0,24.259740259740234,17.45205479452055,0.5266973921661685,,0.9986349554760008,False,advancedV1_multiscale_extratrees,VTEST_S40.csv,VTEST_S40,damage,hampel+savgol,32.21479769994039
7302,8,0.0010955902492467817,180.0,97.88744588744652,10.0,4.043290043290035,0.5547945205479452,0.020422865684088434,,0.9997111145134712,False,advancedV1_multiscale_extratrees,VTEST_S40.csv,VTEST_S40,stress,hampel+savgol,32.21479769994039
7302,30,0.004108463434675432,2900.0,2169.6334776334766,80.0,38.16450216450214,41.64383561643836,1.6930513460525878,,0.9914217808335444,False,advancedV1_multiscale_extratrees,VTEST_S40_1.csv,VTEST_S40,damage,hampel+savgol,32.21479769994039
7302,1,0.0001369487811558477,250.0,184.7012987012994,10.0,4.251082251082245,0.7671232876712328,0.04354351454155749,,0.9996645215712746,False,advancedV1_multiscale_extratrees,VTEST_S40_1.csv,VTEST_S40,stress,hampel+savgol,32.21479769994039
7303,11,0.0015062303163083663,640.0,543.8210678210679,40.0,16.173160173160163,5.149979454869196,0.2740385004286462,,0.9994148653942456,False,advancedV1_multiscale_extratrees,VTEST_SXX_BH02.csv,VTEST_SXX_BH02,damage,hampel+savgol,32.21479769994039
7303,0,0.0,40.0,47.272727272727366,20.0,8.086580086580081,0.16436104643199562,0.011894021730781306,,0.9999794230609929,False,advancedV1_multiscale_extratrees,VTEST_SXX_BH02.csv,VTEST_SXX_BH02,stress,hampel+savgol,32.21479769994039
7303,11,0.0015062303163083663,640.0,543.8210678210679,40.0,16.173160173160163,5.149979454869196,0.2740385004286462,,0.9994148653942456,False,advancedV1_multiscale_extratrees,VTEST_SXX_BH02_v2.csv,VTEST_SXX_BH02_v2,damage,hampel+savgol,32.21479769994039
7303,0,0.0,40.0,47.272727272727366,20.0,8.086580086580081,0.16436104643199562,0.011894021730781306,,0.9999794230609929,False,advancedV1_multiscale_extratrees,VTEST_SXX_BH02_v2.csv,VTEST_SXX_BH02_v2,stress,hampel+savgol,32.21479769994039
7402,27,0.0036476627938395027,4440.0,2324.940836940843,80.0,67.11688311688312,116.64864864864865,9.638147337194969,0.04655373486543955,0.9951706777820636,False,advancedV2_cnn_bilstm,VTEST_S00.csv,VTEST_S00,damage,hampel+savgol,32.21479769994039
7402,63,0.008511213185625506,1630.0,682.4963924963923,10.0,6.337662337662331,6.54054054054054,0.17860099206419547,0.0021926125822232644,0.9691824011031112,False,advancedV2_cnn_bilstm,VTEST_S00.csv,VTEST_S00,stress,hampel+savgol,32.21479769994039
7402,9,0.001215887597946501,1400.0,1143.2380952380972,40.0,34.04329004329004,12.0,1.633331520084765,0.0025178237132194065,0.9999301678043986,False,advancedV2_cnn_bilstm,VTEST_S00_1.csv,VTEST_S00,damage,hampel+savgol,32.21479769994039
7402,51,0.006890029721696838,1380.0,555.0418470418467,20.0,12.55411255411254,6.324324324324325,0.1492428308445622,3.925650473812708e-17,0.9727898742760731,False,advancedV2_cnn_bilstm,VTEST_S00_1.csv,VTEST_S00,stress,hampel+savgol,32.21479769994039
7402,64,0.008646311807619562,10320.0,4784.681096681108,80.0,68.08658008658008,280.1081081081081,14.853767493248007,0.05059112427535554,0.9882097712476435,False,advancedV2_cnn_bilstm,VTEST_S10.csv,VTEST_S10,damage,hampel+savgol,32.21479769994039
7402,58,0.007835720075655228,1800.0,948.6984126984149,20.0,9.541125541125531,8.783783783783784,0.2917536167752612,0.01616921090605708,0.9825635483138856,False,advancedV2_cnn_bilstm,VTEST_S10.csv,VTEST_S10,stress,hampel+savgol,32.21479769994039
7402,108,0.01459065117535801,15120.0,5636.848484848495,80.0,69.54112554112554,419.35135135135135,18.095885961859985,0.023617358251527987,0.9820973806564325,False,advancedV2_cnn_bilstm,VTEST_S10_1.csv,VTEST_S10,damage,hampel+savgol,32.21479769994039
7402,87,0.011753580113482842,3080.0,1380.3549783549809,20.0,12.865800865800846,17.16216216216216,0.7592535398163085,0.0008432759652309386,0.9771605487358905,False,advancedV2_cnn_bilstm,VTEST_S10_1.csv,VTEST_S10,stress,hampel+savgol,32.21479769994039
7407,8,0.0010800594032671796,560.0,460.60606060606113,40.0,34.04329004329004,3.9972991222147196,0.5519249335952097,0.012034632034643156,0.9989303477775323,False,advancedV2_cnn_bilstm,VTEST_S10_BH01.csv,VTEST_S10_BH01,damage,hampel+savgol,32.21479769994039
7407,3,0.0004050222762251924,120.0,44.56565656565692,20.0,8.51082251082251,0.9182984469952734,0.022481990404682163,0.0014285714285773787,0.9999953913523012,False,advancedV2_cnn_bilstm,VTEST_S10_BH01.csv,VTEST_S10_BH01,stress,hampel+savgol,32.21479769994039
7402,61,0.008241015941637396,10720.0,5168.230880230885,80.0,69.54112554112554,276.3243243243243,38.5222564713474,0.3407415061990471,0.9945197979506755,False,advancedV2_cnn_bilstm,VTEST_S20.csv,VTEST_S20,damage,hampel+savgol,32.21479769994039
7402,68,0.009186706295595785,2100.0,1034.2077922077974,20.0,9.541125541125535,9.64864864864865,0.4026439077521317,0.0057034522281491215,0.9881446720102177,False,advancedV2_cnn_bilstm,VTEST_S20.csv,VTEST_S20,stress,hampel+savgol,32.21479769994039
7402,108,0.01459065117535801,14000.0,6305.950937950942,80.0,68.08658008658008,329.6216216216216,39.13528080506437,0.49971064023697187,0.9865779645191408,False,advancedV2_cnn_bilstm,VTEST_S20_1.csv,VTEST_S20,damage,hampel+savgol,32.21479769994039
7402,66,0.008916509051607674,2380.0,1177.5988455988506,20.0,9.541125541125535,13.64864864864865,0.40091330719036283,0.001586921850086454,0.984661410612967,False,advancedV2_cnn_bilstm,VTEST_S20_1.csv,VTEST_S20,stress,hampel+savgol,32.21479769994039
7402,40,0.0054039448797622265,4020.0,2362.776334776338,80.0,68.08658008658008,67.29729729729729,4.832944869308505,0.010900640412637148,0.9987452515252674,False,advancedV2_cnn_bilstm,VTEST_S30.csv,VTEST_S30,damage,hampel+savgol,32.21479769994039
7402,64,0.008646311807619562,1760.0,751.9924963925005,20.0,8.510822510822509,8.777027027027026,0.2072938999155447,0.0011079817606021378,0.9975123726688178,False,advancedV2_cnn_bilstm,VTEST_S30.csv,VTEST_S30,stress,hampel+savgol,32.21479769994039
7402,58,0.007835720075655228,7000.0,3661.8989898989976,80.0,69.54112554112554,148.75675675675674,6.174515938325459,0.10611385587629901,0.9864924037631455,False,advancedV2_cnn_bilstm,VTEST_S30_1.csv,VTEST_S30,damage,hampel+savgol,32.21479769994039
7402,30,0.00405295865982167,1240.0,706.1096681096748,20.0,8.69264069264069,6.608108108108108,0.2584763703378413,0.005772919931938698,0.9986679007436657,False,advancedV2_cnn_bilstm,VTEST_S30_1.csv,VTEST_S30,stress,hampel+savgol,32.21479769994039
7402,42,0.005674142123750338,3280.0,1548.2597402597403,80.0,32.346320346320326,55.75675675675676,0.9626479371933894,0.0011507875702482194,0.9878719187632081,False,advancedV2_cnn_bilstm,VTEST_S40.csv,VTEST_S40,damage,hampel+savgol,32.21479769994039
7402,17,0.0022966765738989463,430.0,191.10822510822857,10.0,8.51082251082251,1.5135135135135136,0.13679347250775797,0.0010684395466601462,0.9998698101182567,False,advancedV2_cnn_bilstm,VTEST_S40.csv,VTEST_S40,stress,hampel+savgol,32.21479769994039
7402,67,0.00905160767360173,4640.0,2862.360750360751,60.0,24.259740259740244,52.75675675675676,1.557575341125121,0.0010794341871954642,0.986600514033198,False,advancedV2_cnn_bilstm,VTEST_S40_1.csv,VTEST_S40,damage,hampel+savgol,32.21479769994039
7402,37,0.0049986490137800595,930.0,454.2135642135704,10.0,8.69264069264069,3.4054054054054053,0.22111270544170925,0.006923928058766116,0.999698902965102,False,advancedV2_cnn_bilstm,VTEST_S40_1.csv,VTEST_S40,stress,hampel+savgol,32.21479769994039
7403,1,0.00013508037282182898,480.0,506.18181818181887,40.0,17.021645021645014,3.56708552898257,0.29384578395680716,0.0035604254117279797,0.9991273789017024,False,advancedV2_cnn_bilstm,VTEST_SXX_BH02.csv,VTEST_SXX_BH02,damage,hampel+savgol,32.21479769994039
7403,0,0.0,160.0,168.34632034632057,20.0,17.021645021645018,0.8647480070260776,0.14769379324888657,2.9219587464489703e-15,0.9999901156634892,False,advancedV2_cnn_bilstm,VTEST_SXX_BH02.csv,VTEST_SXX_BH02,stress,hampel+savgol,32.21479769994039
7403,1,0.00013508037282182898,480.0,506.18181818181887,40.0,17.021645021645014,3.56708552898257,0.29384578395680716,0.0035604254117279797,0.9991273789017024,False,advancedV2_cnn_bilstm,VTEST_SXX_BH02_v2.csv,VTEST_SXX_BH02_v2,damage,hampel+savgol,32.21479769994039
7403,0,0.0,160.0,168.34632034632057,20.0,17.021645021645018,0.8647480070260776,0.14769379324888657,2.9219587464489703e-15,0.9999901156634892,False,advancedV2_cnn_bilstm,VTEST_SXX_BH02_v2.csv,VTEST_SXX_BH02_v2,stress,hampel+savgol,32.21479769994039
7302,7,0.000958641468090934,1560.0,1586.1587301587324,80.0,68.08658008658008,12.712328767123287,4.83919709344841,0.03181677353262817,0.9998405893690219,False,advancedV3_physics_fusion,VTEST_S00.csv,VTEST_S00,damage,hampel+savgol,32.21479769994039
7302,25,0.003423719528896193,1040.0,731.7344877344876,20.0,12.55411255411256,3.684931506849315,0.662497416793805,0.028419639404660236,0.9799487291107399,False,advancedV3_physics_fusion,VTEST_S00.csv,VTEST_S00,stress,hampel+savgol,32.21479769994039
7302,5,0.0006847439057792385,2080.0,2174.1125541125557,80.0,50.21645021645024,19.753424657534246,4.456935327812392,0.02143198283437644,0.9997826287187987,False,advancedV3_physics_fusion,VTEST_S00_1.csv,VTEST_S00,damage,hampel+savgol,32.21479769994039
7302,8,0.0010955902492467817,740.0,639.823953823954,20.0,17.02164502164502,3.1575342465753424,0.8201631841838213,0.013046190434418965,0.9867619579601143,False,advancedV3_physics_fusion,VTEST_S00_1.csv,VTEST_S00,stress,hampel+savgol,32.21479769994039
7302,19,0.0026020268419611066,3660.0,2091.145743145747,80.0,68.08658008658008,81.64383561643835,10.720466091548339,0.11019734556989734,0.9947876398658829,False,advancedV3_physics_fusion,VTEST_S10.csv,VTEST_S10,damage,hampel+savgol,32.21479769994039
7302,14,0.001917282936181868,500.0,241.47186147186184,20.0,12.917748917748929,2.904109589041096,0.27235873046108533,0.003490691240654412,1.0012761840108306,False,advancedV3_physics_fusion,VTEST_S10.csv,VTEST_S10,stress,hampel+savgol,32.21479769994039
7302,55,0.0075321829635716245,7280.0,3741.5468975469053,80.0,68.08658008658008,172.0,26.90233335521124,0.30596390616184144,0.9902626194879712,False,advancedV3_physics_fusion,VTEST_S10_1.csv,VTEST_S10,damage,hampel+savgol,32.21479769994039
7302,34,0.0046562585592988225,1280.0,549.0101010101031,20.0,17.02164502164502,8.63013698630137,0.5811777628939462,0.0347191430813435,0.9977703981660195,False,advancedV3_physics_fusion,VTEST_S10_1.csv,VTEST_S10,stress,hampel+savgol,32.21479769994039
7307,6,0.0008211304228821678,680.0,483.0245310245317,40.0,34.043290043290035,4.7091033538672145,1.2060830644650644,0.018072427597688564,0.9994942810028281,False,advancedV3_physics_fusion,VTEST_S10_BH01.csv,VTEST_S10_BH01,damage,hampel+savgol,32.21479769994039
7307,0,0.0,40.0,45.454545454546384,20.0,17.02164502164502,0.16427104722792607,0.11724263007763908,0.0008141916226356217,0.9999952980254893,False,advancedV3_physics_fusion,VTEST_S10_BH01.csv,VTEST_S10_BH01,stress,hampel+savgol,32.21479769994039
7302,46,0.006299643933168995,7520.0,3637.656565656568,80.0,68.08658008658008,182.27397260273972,25.911759703877358,0.277269235582618,0.9886871922643412,False,advancedV3_physics_fusion,VTEST_S20.csv,VTEST_S20,damage,hampel+savgol,32.21479769994039
7302,41,0.005614900027389756,1520.0,1033.292929292933,20.0,17.385281385281385,6.191780821917808,1.3439608049214875,0.03326209363584241,0.9946838678181958,False,advancedV3_physics_fusion,VTEST_S20.csv,VTEST_S20,stress,hampel+savgol,32.21479769994039
7302,44,0.006025746370857299,6360.0,3865.0447330447378,80.0,68.08658008658008,130.32876712328766,14.242786613804828,0.11507260064248119,0.9956568061568059,False,advancedV3_physics_fusion,VTEST_S20_1.csv,VTEST_S20,damage,hampel+savgol,32.21479769994039
7302,62,0.008490824431662557,2300.0,1130.2568542568577,20.0,17.02164502164502,12.60958904109589,1.609606821826473,0.07287451393109902,0.9883184897197633,False,advancedV3_physics_fusion,VTEST_S20_1.csv,VTEST_S20,stress,hampel+savgol,32.21479769994039
7302,9,0.0012325390304026294,2080.0,2036.6233766233781,80.0,67.11688311688312,19.726027397260275,6.760262574976445,0.02736244894917652,0.9996168743537164,False,advancedV3_physics_fusion,VTEST_S30.csv,VTEST_S30,damage,hampel+savgol,32.21479769994039
7302,11,0.0015064365927143248,560.0,457.49783549783905,10.0,8.51082251082251,1.8082191780821917,0.500136903296483,0.01754764300890391,0.9995063473411807,False,advancedV3_physics_fusion,VTEST_S30.csv,VTEST_S30,stress,hampel+savgol,32.21479769994039
7302,28,0.003834565872363736,4360.0,3285.956709956714,80.0,68.08658008658008,62.02739726027397,14.026588029377569,0.0970669259439407,0.9834743107769421,False,advancedV3_physics_fusion,VTEST_S30_1.csv,VTEST_S30,damage,hampel+savgol,32.21479769994039
7302,20,0.002738975623116954,1210.0,788.7515151515203,20.0,17.38528138528138,5.931506849315069,1.1253471640695967,0.024904796629402277,0.998691259800237,False,advancedV3_physics_fusion,VTEST_S30_1.csv,VTEST_S30,stress,hampel+savgol,32.21479769994039
7302,28,0.003834565872363736,4400.0,2779.6479076479136,80.0,68.08658008658008,80.79452054794521,13.994847752636991,0.13317452586284195,0.9808489174260983,False,advancedV3_physics_fusion,VTEST_S40.csv,VTEST_S40,damage,hampel+savgol,32.21479769994039
7302,19,0.0026020268419611066,510.0,181.98268398268803,10.0,6.42424242424239,1.9452054794520548,0.08386978935042724,0.0022429508720210435,0.9994260805525466,False,advancedV3_physics_fusion,VTEST_S40.csv,VTEST_S40,stress,hampel+savgol,32.21479769994039
7302,26,0.0035606683100520404,3580.0,2495.8268398268406,80.0,68.08658008658008,63.45205479452055,7.733583897417141,0.051340106851104586,0.9936402653140849,False,advancedV3_physics_fusion,VTEST_S40_1.csv,VTEST_S40,damage,hampel+savgol,32.21479769994039
7302,5,0.0006847439057792385,230.0,170.7272727272775,10.0,8.51082251082251,0.7397260273972602,0.10879986771702346,0.003499041201603745,0.9997209269831375,False,advancedV3_physics_fusion,VTEST_S40_1.csv,VTEST_S40,stress,hampel+savgol,32.21479769994039
7303,0,0.0,320.0,358.54545454545485,40.0,34.043290043290035,2.1914806190932747,0.6975243666036777,0.003613316536302754,0.9991788912841537,False,advancedV3_physics_fusion,VTEST_SXX_BH02.csv,VTEST_SXX_BH02,damage,hampel+savgol,32.21479769994039
7303,0,0.0,120.0,127.27272727272796,20.0,17.02164502164502,0.6026571702506506,0.31831653334489624,0.0030566704753077194,0.9999848753730738,False,advancedV3_physics_fusion,VTEST_SXX_BH02.csv,VTEST_SXX_BH02,stress,hampel+savgol,32.21479769994039
7303,0,0.0,320.0,358.54545454545485,40.0,34.043290043290035,2.1914806190932747,0.6975243666036777,0.003613316536302754,0.9991788912841537,False,advancedV3_physics_fusion,VTEST_SXX_BH02_v2.csv,VTEST_SXX_BH02_v2,damage,hampel+savgol,32.21479769994039
7303,0,0.0,120.0,127.27272727272796,20.0,17.02164502164502,0.6026571702506506,0.31831653334489624,0.0030566704753077194,0.9999848753730738,False,advancedV3_physics_fusion,VTEST_SXX_BH02_v2.csv,VTEST_SXX_BH02_v2,stress,hampel+savgol,32.21479769994039
